{"SWS7u6ATtUfBKf/X5za2Mg==":"hiv%202-650x365.jpg","jX4BwUkEXj3CumLB3aQe6A==":"hiv-1200x800.jpg","QZJFbzRn5ypZU1PhvVleFw==":"hiv%20stop-700x393.jpg","MW5nNdazqMK5yl50GShWSA==":"images-355x142.jpg","njL8u6Dt7U0Ywjv2nOr+tw==":"camp-355x314.jpg","MHemUFn6bLPiDe1B5sjdKA==":"volunter-355x189.png","Z9UaxCbvKiDjWfiW3miBJQ==":"volunter-1-355x189.png","bb02gcrf/eKpVV4kiiwviw==":"priksa%202.webp","LMVQZcS0HQZxxiXJVeEk7g==":"nabire-700x393.jpg","XqStexa3ucYeWEdbgE9USg==":"background1.jpg","TGGGNzqEGu3oik/OXUqbIA==":"catat-ini-panduan-menjalani-tes-hiv-di-puskesmas-702x465.jpg","tFbIkpetqw574dEtE8dnRQ==":"img-20231105-wa0021-3964586865.webp","6Avi0Bd/05KjcYoZNYI+0g==":"img20230621170737-scaled-1187x890.jpg","OY/aZiMv+RtteF9Hp8o4+w==":"img-20240611-wa0005-1024x676.jpg","4NHbgnFZFPJUeqa8lsrVjQ==":"warna.webp","o+ULwf3/adtPbcsYY7+Rwg==":"volunter-1090x579.png","tuNTIOxxu3Eue8YR2BGkCA==":"whatsapp%20image%202024-10-21%20at%2011.35.59-735x482.jpg","k5ZtpFk+ETcEdDtIPs83Jw==":"whatsapp%20image%202024-10-21%20at%2011.36.02-1100x798.jpg","WdqhsOmKRWAi+bcZVHSI+g==":"whatsapp%20image%202024-10-21%20at%2011.34.00-400x400.jpg","qzPDuQXy/f9YEiJE9CSInA==":"whatsapp%20image%202024-10-21%20at%2011.42.15-960x960.jpg","rUN+sELn37AjCz6y1FJMJQ==":"dys9rgqr9c0a6ew-1187x890.jpg","k8WP4VovvpoESpL0FXE1pA==":"istockphoto-1277102862-612x408.jpg","FT/rStSBQ0QCu0qroPgUXg==":"adha-sedang-bermain-di-rumah-singgah-lentera_20151202-170521-700x393.jpg","6qb/B4nTWr8yd5kKegcWvw==":"52979f98-8c77-4263-bab3-1c640399cf59-1000x758.jpg","adEcifJMkXQH38htt5rNJg==":"rumah-singgah-kanker-anak-1502039404.webp","CPUwDvc5WcyEwDbmsdSA6A==":"bantu-rumah-singgah-ini-bertahan-agar-tak-lagi-ada-pasien-kanker-anak-terlantar-169-620x349.jpg","5ftWJngtui/YtV3HGnKzTQ==":"pngtree-world-aids-day-text-with-red-ribbon-png-image-8796319-1187x1187.png","TrNsVoNK9gf4+aaQAFLJsQ==":"bantu-rumah-singgah-ini-bertahan-agar-tak-lagi-ada-pasien-kanker-anak-terlantar-169-620x349.jpeg","kqKfXVXiP6xY2yiKonjnWg==":"img-20240702-wa0058-1187x793.jpg","RRrktN/RNbA8haRqJv66MA==":"38f5d947-7d52-4220-9e93-353f7657510a-edited-863x592.jpg","Llz3R9towqrf82sz+OjhhQ==":"39d904d60f292c74e9befb6b2be67243-1000x563.jpg","UDG5eIT4v9cyygWvmAft2w==":"mbr-1200x791.jpg","yT0AGBgKILZQO1BOewMWzQ==":"mbr-1200x795.jpg","pVISee5NWp5B9GTSTX/SYw==":"mbr-1200x800.jpg","lpNSAXekLuQ5nInUoO5sVg==":"mbr-1200x686.jpg","xLOpVxsQNUQrNtmR13hHtA==":"mbr-1200x798.jpg","Lb5i5bK49XA73mWlUSPO7Q==":"mbr-1000x750.jpg","Ab0domK75Z5BkgZ8PIxLvg==":"mbr-1-1200x798.jpg","da73p2+AXcDAuaqqTRe4CQ==":"national-institute-of-allergy-and-infectious-diseases-htautvrinay-unsplash-650x483.jpg","wot46s7EUrQv+DFGXS0oOQ==":"national-institute-of-allergy-and-infectious-diseases-7jutgj6smy0-unsplash-650x483.jpg","eTicFJGPC6+5Tt8FSMhQVA==":"marthn-luther--dj2rqhmlcy-unsplash-700x468.jpg","txYGFN6A31uFGlTkH/PFDg==":"mufid-majnun-v6ijrfnqipw-unsplash-600x400.jpg","B0zzJRjWC6sVUvdx4txEZg==":"visual-karsa-h26vrrdiwbu-unsplash-600x400.jpg","hFYvf48poudnYid3Ezogmg==":"tim-marshall-catzhuz7z8g-unsplash-600x400.jpg","z/ax0eZ3ioGeuGmRbqpKig==":"asso-myron-i2tmdi5qfiu-unsplash-700x467.jpg","vJ/iPooux7kS/zf5Oz5Slg==":"screenshot%202024-11-05%20105611-658x302.png","ClR/VdhsDJ7BR7I5WQIB6Q==":"screenshot%202024-11-05%20105707-496x205.png","7m8Nb8fj9Px59GjMo09nFg==":"screenshot%202024-11-05%20105742-496x219.png","uFshpM8GSbu8SkHO6yZUJQ==":"data%202022-631x327.jpg","NL7SnX+qzV5ea6UsPVgQMw==":"data%202023%20fix-627x354.jpg","gTXy93QJb9JzXL/IHfkPdw==":"data%202022-631x327.jpeg","cP+Hpe4EFTE3f9lqZmu+AA==":"data%202022-631x327.jpeg","xoBPvohBdwNskxqnDBAm5Q==":"data%202023%20fix-627x354.jpeg","yRmi9+aPRcqoOKhWQwparA==":"data%202022%20fix-631x298.jpg","6ZPK8Z5Qftl1IgC2roOD9w==":"data%202022%20fix-631x298.jpeg","+kZwBHk/4c4elcBKV9pLyQ==":"data%202022%20fix-631x298.jpeg","g2W6EY942VdbfZlJ1BPhmQ==":"data%202022%20fix-631x298.jpeg","dYNiUw8NNk91GizbJnD1Sw==":"data%202022%20fix-466x220.jpg","XidJn/tDX+c9G9T8PF9XqQ==":"data%202022%20fix-466x220.jpeg","lr/UPkiK2Jr0PsaeH9zdNg==":"data%202022%20fix-348x164.jpeg","W/wuehlvOTJ4KD2oaAXGEA==":"data%202022%20fix-278x131.jpg","+F30M40I6pgsa1eXkeVHoA==":"papua%202023-785x296.jpg","4GZlPNfMYxBtqevMFmY6ug==":"draw%20your%20life-900x900.jpg","05fSsmlQEulzB6TjqFNtmQ==":"people%20draw%20your%20life-1187x594.jpg","3gJZSzosunCdOeNl2ncK9Q==":"sosmed-840x450.jpg","DsJdaPjnK4tWaIOpz4RusA==":"draw%20your%20life-770x770.jpg","1OX6JqVqPWsOBwJ/IaNjNg==":"solidarity%20hiv-500x250.jpg","sj8kEd9kuimrkK5iwBqxug==":"solidarity%20for%20hiv-500x500.jpg","Dep6dJ6Syyz2jvKISMfHNw==":"kampanye%20hiv%20sekolah-770x433.jpg","Je0TxjlVsa+vgyxFJZHi9g==":"mbr-1132x743.jpg","9m1T4wLZARkmeErriNr0ZA==":"mbr-770x506.jpg","4XtF6+MP9Lh9ZxtrviA2QA==":"mbr-770x389.jpg","QHJCVDr/6H2IjrbwZV4ngw==":"mbr-770x1067.png","yZFdqttgVCuCUkKN2rPqNw==":"mbr-770x513.jpg","YqnaJWMofD/Cfw+ljNvGBw==":"whatsapp%20image%202024-11-09%20at%2012.54.49-526x395.jpg","i8Fczea//r1hXHGwZcmOGw==":"kampanye%20hiv%20sekolah-800x450.jpg","3eVqXwlclkeR6zauPw9MiA==":"mbr-1920x861.jpg","ylqKkKBv72YYYeINVLwaUQ==":"whatsapp%20image%202024-11-09%20at%2013.12.05-817x980.jpg","gMVNaUZ349eIwqXLrjlDig==":"whatsapp%20image%202024-11-09%20at%2013.12.05-817x980.jpeg","AlpOq5qJYGgW/SeYq+c77Q==":"whatsapp%20image%202024-11-09%20at%2013.12.05-817x980.jpeg","dbX6NTX5mcM9+pusCm3i9w==":"whatsapp%20image%202024-11-09%20at%2013.14.46-640x640.jpg","hMikr79Xjqvf8xufVvO4ew==":"mbr-1604x1069.jpg"}